nim,nama,angkatan,kurikulum,skenario
18724001,Naufal Pratama,2024,2021,Konsisten
18724002,Alya Rahma,2024,2021,IPS menurun
18724003,Bima Saputra,2024,2021,Progres tertinggal
18724004,Dinda Maharani,2024,2021,Konsisten
18724005,Rafi Aditya,2024,2021,Pemulihan nilai
18724006,Salsabila Putri,2024,2021,Progres lambat
18724007,Fajar Ramadhan,2024,2021,IPK rendah
18724008,Nadia Azzahra,2024,2021,D berlebih
18724009,Arga Wijaya,2024,2021,Konsisten
18724010,Intan Permata,2024,2021,IPS menurun
18724011,Rizky Maulana,2024,2021,Progres tertinggal
18724012,Citra Lestari,2024,2021,Konsisten
18724013,Dimas Arya,2024,2021,Pemulihan nilai
18724014,Zahra Amalia,2024,2021,Progres lambat
18724015,Farhan Akbar,2024,2021,IPK rendah
18724016,Tiara Anindya,2024,2021,D berlebih
18724017,Bagas Wicaksono,2024,2021,Konsisten
18724018,Nabila Safira,2024,2021,IPS menurun
18724019,Kevin Mahendra,2024,2021,Progres tertinggal
18724020,Putri Larasati,2024,2021,Konsisten
18724021,Ilham Fauzan,2024,2021,Pemulihan nilai
18724022,Vina Oktaviani,2024,2021,Progres lambat
18724023,Reza Firmansyah,2024,2021,IPK rendah
18724024,Sinta Dewi,2024,2021,D berlebih
18724025,Galih Prakoso,2024,2021,Konsisten
18724026,Hana Kirana,2024,2021,IPS menurun
18724027,Yoga Pratama,2024,2021,Progres tertinggal
18724028,Amira Nadhira,2024,2021,Konsisten
18724029,Aditya Nugraha,2024,2021,Pemulihan nilai
18724030,Dea Febrianti,2024,2021,Progres lambat
