nim,semester,kode,nilai,berlaku_akhir_semester_4
18724001,1,AGI101,AB,True
18724001,1,NOP103,A,True
18724001,1,NOP101,B,True
18724001,1,KID107,AB,True
18724001,1,BID108,A,True
18724001,1,MAA101,AB,True
18724001,1,BAI101,AB,True
18724001,1,SIP107,B,True
18724001,1,SII103,A,True
18724001,2,FID112,AB,True
18724001,2,PHP103,AB,True
18724001,2,MAL102,AB,True
18724001,2,MAT101,B,True
18724001,2,MAT102,B,True
18724001,2,MNM107,A,True
18724001,2,MNM106,AB,True
18724001,2,MAS118,B,True
18724001,2,BAE111,AB,True
18724001,3,SIA204,B,True
18724001,3,SIA205,A,True
18724001,3,SID201,A,True
18724001,3,SID203,AB,True
18724001,3,SIR201,A,True
18724001,3,SIR203,B,True
18724001,3,MAS234,A,True
18724001,3,SIJ201,AB,True
18724001,3,SIJ203,A,True
18724001,3,MAL204,AB,True
18724001,4,SII301,AB,True
18724001,4,SII314,AB,True
18724001,4,SIC201,A,True
18724001,4,SIC202,A,True
18724001,4,SIJ202,AB,True
18724001,4,SIJ204,AB,True
18724001,4,SIS202,AB,True
18724001,4,MNM203,AB,True
18724001,4,SIS204,A,True
18724001,4,SIS205,AB,True
18724001,4,SIS304,AB,True
18724001,4,SIS305,AB,True
18724002,1,AGI101,AB,True
18724002,1,NOP103,B,True
18724002,1,NOP101,A,True
18724002,1,KID107,AB,True
18724002,1,BID108,A,True
18724002,1,MAA101,A,True
18724002,1,BAI101,A,True
18724002,1,SIP107,B,True
18724002,1,SII103,A,True
18724002,2,FID112,AB,True
18724002,2,PHP103,B,True
18724002,2,MAL102,BC,True
18724002,2,MAT101,B,True
18724002,2,MAT102,BC,True
18724002,2,MNM107,BC,True
18724002,2,MNM106,B,True
18724002,2,MAS118,BC,True
18724002,2,BAE111,AB,True
18724002,3,SIA204,C,True
18724002,3,SIA205,C,True
18724002,3,SID201,C,True
18724002,3,SID203,BC,True
18724002,3,SIR201,BC,True
18724002,3,SIR203,C,True
18724002,3,MAS234,C,True
18724002,3,SIJ201,BC,True
18724002,3,SIJ203,BC,True
18724002,3,MAL204,C,True
18724002,4,SII301,D,True
18724002,4,SII314,D,True
18724002,4,SIC201,D,True
18724002,4,SIC202,C,True
18724002,4,SIJ202,D,True
18724002,4,SIJ204,D,True
18724002,4,SIS202,D,True
18724002,4,MNM203,D,True
18724002,4,SIS204,D,True
18724002,4,SIS205,D,True
18724003,1,AGI101,D,True
18724003,1,NOP103,D,True
18724003,1,NOP101,C,True
18724003,1,KID107,D,True
18724003,1,BID108,D,True
18724003,1,MAA101,C,True
18724003,1,BAI101,D,True
18724003,1,SIP107,C,True
18724003,1,SII103,D,True
18724003,2,FID112,D,True
18724003,2,PHP103,C,True
18724003,2,MAL102,C,True
18724003,3,MAT101,C,True
18724003,3,MAT102,C,True
18724003,3,SID203,C,True
18724003,4,MNM107,D,True
18724003,4,MNM106,D,True
18724003,4,SIR203,C,True
18724004,1,AGI101,AB,True
18724004,1,NOP103,A,True
18724004,1,NOP101,A,True
18724004,1,KID107,A,True
18724004,1,BID108,AB,True
18724004,1,MAA101,A,True
18724004,1,BAI101,AB,True
18724004,1,SIP107,B,True
18724004,1,SII103,AB,True
18724004,2,FID112,AB,True
18724004,2,PHP103,B,True
18724004,2,MAL102,AB,True
18724004,2,MAT101,AB,True
18724004,2,MAT102,A,True
18724004,2,MNM107,A,True
18724004,2,MNM106,AB,True
18724004,2,MAS118,AB,True
18724004,2,BAE111,AB,True
18724004,3,SIA204,A,True
18724004,3,SIA205,B,True
18724004,3,SID201,AB,True
18724004,3,SID203,B,True
18724004,3,SIR201,A,True
18724004,3,SIR203,AB,True
18724004,3,MAS234,A,True
18724004,3,SIJ201,A,True
18724004,3,SIJ203,AB,True
18724004,3,MAL204,A,True
18724004,4,SII301,B,True
18724004,4,SII314,A,True
18724004,4,SIC201,AB,True
18724004,4,SIC202,AB,True
18724004,4,SIJ202,A,True
18724004,4,SIJ204,B,True
18724004,4,SIS202,B,True
18724004,4,MNM203,AB,True
18724004,4,SIS204,A,True
18724004,4,SIS205,A,True
18724004,4,SIS304,A,True
18724004,4,SIS305,A,True
18724005,1,AGI101,D,False
18724005,1,NOP103,C,True
18724005,1,NOP101,C,True
18724005,1,KID107,D,False
18724005,1,BID108,D,True
18724005,1,MAA101,C,True
18724005,1,BAI101,D,True
18724005,1,SIP107,C,True
18724005,1,SII103,C,True
18724005,2,FID112,D,True
18724005,2,PHP103,D,True
18724005,2,MAL102,D,True
18724005,2,MAT101,C,True
18724005,2,MAT102,C,True
18724005,2,MNM107,C,True
18724005,2,MNM106,C,True
18724005,3,AGI101,B,True
18724005,3,MAS118,A,True
18724005,3,BAE111,B,True
18724005,3,SIA204,B,True
18724005,3,SIA205,B,True
18724005,3,SID201,B,True
18724005,3,SID203,A,True
18724005,4,KID107,B,True
18724005,4,SIR201,A,True
18724005,4,SIR203,B,True
18724005,4,MAS234,A,True
18724005,4,SIJ201,B,True
18724005,4,SIJ203,B,True
18724005,4,MAL204,AB,True
18724005,4,SII301,A,True
18724005,4,SII314,A,True
18724005,4,SIC201,AB,True
18724005,4,SIC202,A,True
18724005,4,SIJ202,A,True
18724005,4,SIJ204,A,True
18724005,4,SIS205,A,True
18724006,1,AGI101,AB,True
18724006,1,NOP103,AB,True
18724006,1,NOP101,AB,True
18724006,1,KID107,BC,True
18724006,1,BID108,AB,True
18724006,1,MAA101,BC,True
18724006,1,BAI101,B,True
18724006,1,SIP107,B,True
18724006,1,SII103,BC,True
18724006,2,FID112,BC,True
18724006,2,PHP103,AB,True
18724006,2,MAL102,BC,True
18724006,2,MAT101,BC,True
18724006,2,MAT102,BC,True
18724006,3,MNM107,AB,True
18724006,3,MNM106,AB,True
18724006,3,MAS118,AB,True
18724006,3,BAE111,B,True
18724006,3,SIA204,BC,True
18724006,3,SID203,AB,True
18724006,4,SIA205,AB,True
18724006,4,SID201,B,True
18724006,4,SIR201,BC,True
18724006,4,SIR203,A,True
18724006,4,MAS234,A,True
18724006,4,SIJ203,B,True
18724007,1,AGI101,D,True
18724007,1,NOP103,C,True
18724007,1,NOP101,C,True
18724007,1,KID107,D,True
18724007,1,BID108,D,True
18724007,1,MAA101,D,True
18724007,1,BAI101,C,True
18724007,1,SIP107,C,True
18724007,1,SII103,D,True
18724007,2,FID112,D,True
18724007,2,PHP103,D,True
18724007,2,MAL102,D,True
18724007,2,MAT101,D,True
18724007,2,MAT102,C,True
18724007,2,MNM107,D,True
18724007,2,MNM106,D,True
18724007,3,MAS118,C,True
18724007,3,BAE111,D,True
18724007,3,SIA204,D,True
18724007,3,SIA205,D,True
18724007,3,SID201,D,True
18724007,3,SID203,D,True
18724007,3,SIR201,D,True
18724007,4,SIR203,C,True
18724007,4,MAS234,C,True
18724007,4,SIJ201,D,True
18724007,4,SIJ203,C,True
18724007,4,MAL204,D,True
18724007,4,SII301,C,True
18724007,4,SII314,C,True
18724007,4,SIC201,C,True
18724007,4,SIC202,C,True
18724008,1,AGI101,D,True
18724008,1,NOP103,D,True
18724008,1,NOP101,D,True
18724008,1,KID107,D,True
18724008,1,BID108,AB,True
18724008,1,MAA101,D,True
18724008,1,BAI101,D,True
18724008,1,SIP107,D,True
18724008,1,SII103,D,True
18724008,2,FID112,D,True
18724008,2,PHP103,AB,True
18724008,2,MAL102,A,True
18724008,2,MAT101,A,True
18724008,2,MAT102,A,True
18724008,2,MNM107,D,True
18724008,2,MNM106,D,True
18724008,3,MAS118,AB,True
18724008,3,BAE111,A,True
18724008,3,SIA204,A,True
18724008,3,SIA205,D,True
18724008,3,SID201,A,True
18724008,3,SID203,D,True
18724008,3,SIR201,AB,True
18724008,3,SIR203,A,True
18724008,3,SIJ201,D,True
18724008,4,MAS234,AB,True
18724008,4,SIJ203,AB,True
18724008,4,MAL204,A,True
18724008,4,SII301,D,True
18724008,4,SII314,A,True
18724008,4,SIC201,D,True
18724008,4,SIC202,D,True
18724008,4,SIJ202,AB,True
18724008,4,SIJ204,AB,True
18724008,4,SIS202,A,True
18724009,1,AGI101,B,True
18724009,1,NOP103,A,True
18724009,1,NOP101,A,True
18724009,1,KID107,AB,True
18724009,1,BID108,B,True
18724009,1,MAA101,B,True
18724009,1,BAI101,AB,True
18724009,1,SIP107,AB,True
18724009,1,SII103,B,True
18724009,2,FID112,A,True
18724009,2,PHP103,A,True
18724009,2,MAL102,B,True
18724009,2,MAT101,AB,True
18724009,2,MAT102,AB,True
18724009,2,MNM107,B,True
18724009,2,MNM106,AB,True
18724009,2,MAS118,AB,True
18724009,2,BAE111,A,True
18724009,3,SIA204,AB,True
18724009,3,SIA205,AB,True
18724009,3,SID201,AB,True
18724009,3,SID203,AB,True
18724009,3,SIR201,B,True
18724009,3,SIR203,B,True
18724009,3,MAS234,A,True
18724009,3,SIJ201,A,True
18724009,3,SIJ203,AB,True
18724009,3,MAL204,A,True
18724009,4,SII301,AB,True
18724009,4,SII314,AB,True
18724009,4,SIC201,B,True
18724009,4,SIC202,AB,True
18724009,4,SIJ202,AB,True
18724009,4,SIJ204,A,True
18724009,4,SIS202,AB,True
18724009,4,MNM203,B,True
18724009,4,SIS204,A,True
18724009,4,SIS205,AB,True
18724009,4,SIS304,AB,True
18724009,4,SIS305,A,True
18724010,1,AGI101,AB,True
18724010,1,NOP103,AB,True
18724010,1,NOP101,B,True
18724010,1,KID107,A,True
18724010,1,BID108,B,True
18724010,1,MAA101,AB,True
18724010,1,BAI101,AB,True
18724010,1,SIP107,B,True
18724010,1,SII103,B,True
18724010,2,FID112,AB,True
18724010,2,PHP103,AB,True
18724010,2,MAL102,BC,True
18724010,2,MAT101,AB,True
18724010,2,MAT102,B,True
18724010,2,MNM107,BC,True
18724010,2,MNM106,B,True
18724010,2,MAS118,B,True
18724010,2,BAE111,AB,True
18724010,3,SIA204,C,True
18724010,3,SIA205,C,True
18724010,3,SID201,C,True
18724010,3,SID203,C,True
18724010,3,SIR201,C,True
18724010,3,SIR203,BC,True
18724010,3,MAS234,C,True
18724010,3,SIJ201,C,True
18724010,3,SIJ203,BC,True
18724010,3,MAL204,C,True
18724010,4,SII301,D,True
18724010,4,SII314,D,True
18724010,4,SIC201,D,True
18724010,4,SIC202,C,True
18724010,4,SIJ202,D,True
18724010,4,SIJ204,C,True
18724010,4,SIS202,C,True
18724010,4,MNM203,D,True
18724010,4,SIS204,D,True
18724010,4,SIS205,D,True
18724011,1,AGI101,C,True
18724011,1,NOP103,C,True
18724011,1,NOP101,D,True
18724011,1,KID107,D,True
18724011,1,BID108,C,True
18724011,1,MAA101,D,True
18724011,1,BAI101,D,True
18724011,1,SIP107,D,True
18724011,1,SII103,D,True
18724011,2,FID112,C,True
18724011,2,PHP103,D,True
18724011,2,MAL102,C,True
18724011,3,MAT101,C,True
18724011,3,MAT102,D,True
18724011,3,SID203,D,True
18724011,4,MNM107,D,True
18724011,4,MNM106,C,True
18724011,4,SIR203,D,True
18724012,1,AGI101,A,True
18724012,1,NOP103,A,True
18724012,1,NOP101,B,True
18724012,1,KID107,AB,True
18724012,1,BID108,A,True
18724012,1,MAA101,AB,True
18724012,1,BAI101,B,True
18724012,1,SIP107,A,True
18724012,1,SII103,A,True
18724012,2,FID112,B,True
18724012,2,PHP103,A,True
18724012,2,MAL102,A,True
18724012,2,MAT101,AB,True
18724012,2,MAT102,A,True
18724012,2,MNM107,AB,True
18724012,2,MNM106,A,True
18724012,2,MAS118,A,True
18724012,2,BAE111,AB,True
18724012,3,SIA204,AB,True
18724012,3,SIA205,AB,True
18724012,3,SID201,AB,True
18724012,3,SID203,B,True
18724012,3,SIR201,A,True
18724012,3,SIR203,A,True
18724012,3,MAS234,B,True
18724012,3,SIJ201,AB,True
18724012,3,SIJ203,AB,True
18724012,3,MAL204,A,True
18724012,4,SII301,B,True
18724012,4,SII314,AB,True
18724012,4,SIC201,A,True
18724012,4,SIC202,B,True
18724012,4,SIJ202,AB,True
18724012,4,SIJ204,A,True
18724012,4,SIS202,B,True
18724012,4,MNM203,A,True
18724012,4,SIS204,AB,True
18724012,4,SIS205,B,True
18724012,4,SIS304,A,True
18724012,4,SIS305,A,True
18724013,1,AGI101,C,True
18724013,1,NOP103,D,False
18724013,1,NOP101,D,False
18724013,1,KID107,C,True
18724013,1,BID108,D,True
18724013,1,MAA101,C,True
18724013,1,BAI101,D,True
18724013,1,SIP107,D,True
18724013,1,SII103,D,True
18724013,2,FID112,C,True
18724013,2,PHP103,D,True
18724013,2,MAL102,D,True
18724013,2,MAT101,D,True
18724013,2,MAT102,C,True
18724013,2,MNM107,D,True
18724013,2,MNM106,C,True
18724013,3,NOP103,AB,True
18724013,3,MAS118,B,True
18724013,3,BAE111,AB,True
18724013,3,SIA204,AB,True
18724013,3,SIA205,AB,True
18724013,3,SID201,AB,True
18724013,3,SID203,AB,True
18724013,4,NOP101,B,True
18724013,4,SIR201,B,True
18724013,4,SIR203,AB,True
18724013,4,MAS234,B,True
18724013,4,SIJ201,B,True
18724013,4,SIJ203,A,True
18724013,4,MAL204,B,True
18724013,4,SII301,AB,True
18724013,4,SII314,A,True
18724013,4,SIC201,AB,True
18724013,4,SIC202,B,True
18724013,4,SIJ202,AB,True
18724013,4,SIJ204,B,True
18724013,4,SIS205,AB,True
18724014,1,AGI101,BC,True
18724014,1,NOP103,B,True
18724014,1,NOP101,AB,True
18724014,1,KID107,A,True
18724014,1,BID108,B,True
18724014,1,MAA101,AB,True
18724014,1,BAI101,AB,True
18724014,1,SIP107,BC,True
18724014,1,SII103,BC,True
18724014,2,FID112,B,True
18724014,2,PHP103,A,True
18724014,2,MAL102,AB,True
18724014,2,MAT101,A,True
18724014,2,MAT102,BC,True
18724014,3,MNM107,A,True
18724014,3,MNM106,B,True
18724014,3,MAS118,A,True
18724014,3,BAE111,A,True
18724014,3,SIA204,BC,True
18724014,3,SID203,BC,True
18724014,4,SIA205,AB,True
18724014,4,SID201,AB,True
18724014,4,SIR201,B,True
18724014,4,SIR203,B,True
18724014,4,MAS234,BC,True
18724014,4,SIJ203,B,True
18724015,1,AGI101,D,True
18724015,1,NOP103,C,True
18724015,1,NOP101,D,True
18724015,1,KID107,C,True
18724015,1,BID108,D,True
18724015,1,MAA101,D,True
18724015,1,BAI101,D,True
18724015,1,SIP107,D,True
18724015,1,SII103,D,True
18724015,2,FID112,C,True
18724015,2,PHP103,D,True
18724015,2,MAL102,D,True
18724015,2,MAT101,D,True
18724015,2,MAT102,D,True
18724015,2,MNM107,D,True
18724015,2,MNM106,C,True
18724015,3,MAS118,C,True
18724015,3,BAE111,D,True
18724015,3,SIA204,D,True
18724015,3,SIA205,D,True
18724015,3,SID201,D,True
18724015,3,SID203,D,True
18724015,3,SIR201,D,True
18724015,4,SIR203,C,True
18724015,4,MAS234,C,True
18724015,4,SIJ201,D,True
18724015,4,SIJ203,C,True
18724015,4,MAL204,D,True
18724015,4,SII301,D,True
18724015,4,SII314,D,True
18724015,4,SIC201,C,True
18724015,4,SIC202,C,True
18724016,1,AGI101,D,True
18724016,1,NOP103,D,True
18724016,1,NOP101,A,True
18724016,1,KID107,AB,True
18724016,1,BID108,A,True
18724016,1,MAA101,D,True
18724016,1,BAI101,D,True
18724016,1,SIP107,D,True
18724016,1,SII103,A,True
18724016,2,FID112,D,True
18724016,2,PHP103,AB,True
18724016,2,MAL102,AB,True
18724016,2,MAT101,AB,True
18724016,2,MAT102,D,True
18724016,2,MNM107,A,True
18724016,2,MNM106,D,True
18724016,2,MAS118,D,True
18724016,3,BAE111,D,True
18724016,3,SIA204,AB,True
18724016,3,SIA205,A,True
18724016,3,SID201,D,True
18724016,3,SID203,D,True
18724016,3,SIR201,D,True
18724016,3,SIR203,A,True
18724016,3,MAS234,D,True
18724016,3,SIJ201,D,True
18724016,4,SIJ203,AB,True
18724016,4,MAL204,AB,True
18724016,4,SII301,A,True
18724016,4,SII314,D,True
18724016,4,SIC201,D,True
18724016,4,SIC202,D,True
18724016,4,SIJ202,D,True
18724016,4,SIJ204,D,True
18724016,4,SIS202,AB,True
18724017,1,AGI101,A,True
18724017,1,NOP103,AB,True
18724017,1,NOP101,B,True
18724017,1,KID107,A,True
18724017,1,BID108,AB,True
18724017,1,MAA101,A,True
18724017,1,BAI101,AB,True
18724017,1,SIP107,B,True
18724017,1,SII103,AB,True
18724017,2,FID112,A,True
18724017,2,PHP103,AB,True
18724017,2,MAL102,AB,True
18724017,2,MAT101,B,True
18724017,2,MAT102,B,True
18724017,2,MNM107,AB,True
18724017,2,MNM106,AB,True
18724017,2,MAS118,AB,True
18724017,2,BAE111,AB,True
18724017,3,SIA204,B,True
18724017,3,SIA205,AB,True
18724017,3,SID201,A,True
18724017,3,SID203,A,True
18724017,3,SIR201,A,True
18724017,3,SIR203,B,True
18724017,3,MAS234,AB,True
18724017,3,SIJ201,A,True
18724017,3,SIJ203,A,True
18724017,3,MAL204,A,True
18724017,4,SII301,A,True
18724017,4,SII314,A,True
18724017,4,SIC201,AB,True
18724017,4,SIC202,A,True
18724017,4,SIJ202,A,True
18724017,4,SIJ204,AB,True
18724017,4,SIS202,A,True
18724017,4,MNM203,A,True
18724017,4,SIS204,A,True
18724017,4,SIS205,B,True
18724017,4,SIS304,AB,True
18724017,4,SIS305,A,True
18724018,1,AGI101,A,True
18724018,1,NOP103,A,True
18724018,1,NOP101,AB,True
18724018,1,KID107,AB,True
18724018,1,BID108,A,True
18724018,1,MAA101,B,True
18724018,1,BAI101,AB,True
18724018,1,SIP107,B,True
18724018,1,SII103,A,True
18724018,2,FID112,AB,True
18724018,2,PHP103,B,True
18724018,2,MAL102,B,True
18724018,2,MAT101,AB,True
18724018,2,MAT102,BC,True
18724018,2,MNM107,BC,True
18724018,2,MNM106,BC,True
18724018,2,MAS118,B,True
18724018,2,BAE111,B,True
18724018,3,SIA204,C,True
18724018,3,SIA205,BC,True
18724018,3,SID201,BC,True
18724018,3,SID203,C,True
18724018,3,SIR201,BC,True
18724018,3,SIR203,C,True
18724018,3,MAS234,C,True
18724018,3,SIJ201,C,True
18724018,3,SIJ203,BC,True
18724018,3,MAL204,C,True
18724018,4,SII301,C,True
18724018,4,SII314,D,True
18724018,4,SIC201,D,True
18724018,4,SIC202,C,True
18724018,4,SIJ202,C,True
18724018,4,SIJ204,C,True
18724018,4,SIS202,D,True
18724018,4,MNM203,C,True
18724018,4,SIS204,D,True
18724018,4,SIS205,C,True
18724019,1,AGI101,D,True
18724019,1,NOP103,C,True
18724019,1,NOP101,D,True
18724019,1,KID107,C,True
18724019,1,BID108,C,True
18724019,1,MAA101,C,True
18724019,1,BAI101,C,True
18724019,1,SIP107,C,True
18724019,1,SII103,D,True
18724019,2,FID112,D,True
18724019,2,PHP103,C,True
18724019,2,MAL102,D,True
18724019,3,MAT101,C,True
18724019,3,MAT102,C,True
18724019,3,SID203,D,True
18724019,4,MNM107,D,True
18724019,4,MNM106,D,True
18724019,4,SIR203,D,True
18724020,1,AGI101,A,True
18724020,1,NOP103,AB,True
18724020,1,NOP101,B,True
18724020,1,KID107,AB,True
18724020,1,BID108,B,True
18724020,1,MAA101,AB,True
18724020,1,BAI101,A,True
18724020,1,SIP107,A,True
18724020,1,SII103,AB,True
18724020,2,FID112,A,True
18724020,2,PHP103,A,True
18724020,2,MAL102,AB,True
18724020,2,MAT101,A,True
18724020,2,MAT102,A,True
18724020,2,MNM107,AB,True
18724020,2,MNM106,AB,True
18724020,2,MAS118,A,True
18724020,2,BAE111,AB,True
18724020,3,SIA204,AB,True
18724020,3,SIA205,A,True
18724020,3,SID201,AB,True
18724020,3,SID203,AB,True
18724020,3,SIR201,AB,True
18724020,3,SIR203,B,True
18724020,3,MAS234,A,True
18724020,3,SIJ201,AB,True
18724020,3,SIJ203,B,True
18724020,3,MAL204,AB,True
18724020,4,SII301,B,True
18724020,4,SII314,A,True
18724020,4,SIC201,AB,True
18724020,4,SIC202,A,True
18724020,4,SIJ202,AB,True
18724020,4,SIJ204,A,True
18724020,4,SIS202,AB,True
18724020,4,MNM203,AB,True
18724020,4,SIS204,A,True
18724020,4,SIS205,B,True
18724020,4,SIS304,A,True
18724020,4,SIS305,A,True
18724021,1,AGI101,D,False
18724021,1,NOP103,C,True
18724021,1,NOP101,D,False
18724021,1,KID107,C,True
18724021,1,BID108,D,True
18724021,1,MAA101,D,True
18724021,1,BAI101,D,True
18724021,1,SIP107,D,True
18724021,1,SII103,D,True
18724021,2,FID112,D,True
18724021,2,PHP103,D,True
18724021,2,MAL102,D,True
18724021,2,MAT101,D,True
18724021,2,MAT102,D,True
18724021,2,MNM107,D,True
18724021,2,MNM106,D,True
18724021,3,AGI101,B,True
18724021,3,MAS118,AB,True
18724021,3,BAE111,B,True
18724021,3,SIA204,B,True
18724021,3,SIA205,A,True
18724021,3,SID201,A,True
18724021,3,SID203,A,True
18724021,4,NOP101,B,True
18724021,4,SIR201,AB,True
18724021,4,SIR203,A,True
18724021,4,MAS234,B,True
18724021,4,SIJ201,AB,True
18724021,4,SIJ203,B,True
18724021,4,MAL204,B,True
18724021,4,SII301,AB,True
18724021,4,SII314,A,True
18724021,4,SIC201,AB,True
18724021,4,SIC202,B,True
18724021,4,SIJ202,A,True
18724021,4,SIJ204,B,True
18724021,4,SIS205,B,True
18724022,1,AGI101,B,True
18724022,1,NOP103,AB,True
18724022,1,NOP101,AB,True
18724022,1,KID107,BC,True
18724022,1,BID108,BC,True
18724022,1,MAA101,B,True
18724022,1,BAI101,A,True
18724022,1,SIP107,BC,True
18724022,1,SII103,B,True
18724022,2,FID112,B,True
18724022,2,PHP103,A,True
18724022,2,MAL102,AB,True
18724022,2,MAT101,BC,True
18724022,2,MAT102,AB,True
18724022,3,MNM107,B,True
18724022,3,MNM106,BC,True
18724022,3,MAS118,BC,True
18724022,3,BAE111,A,True
18724022,3,SIA204,AB,True
18724022,3,SID203,BC,True
18724022,4,SIA205,BC,True
18724022,4,SID201,B,True
18724022,4,SIR201,B,True
18724022,4,SIR203,B,True
18724022,4,MAS234,A,True
18724022,4,SIJ203,AB,True
18724023,1,AGI101,C,True
18724023,1,NOP103,C,True
18724023,1,NOP101,D,True
18724023,1,KID107,D,True
18724023,1,BID108,D,True
18724023,1,MAA101,C,True
18724023,1,BAI101,D,True
18724023,1,SIP107,D,True
18724023,1,SII103,D,True
18724023,2,FID112,D,True
18724023,2,PHP103,C,True
18724023,2,MAL102,D,True
18724023,2,MAT101,D,True
18724023,2,MAT102,C,True
18724023,2,MNM107,C,True
18724023,2,MNM106,C,True
18724023,3,MAS118,D,True
18724023,3,BAE111,D,True
18724023,3,SIA204,C,True
18724023,3,SIA205,D,True
18724023,3,SID201,D,True
18724023,3,SID203,D,True
18724023,3,SIR201,D,True
18724023,4,SIR203,D,True
18724023,4,MAS234,D,True
18724023,4,SIJ201,D,True
18724023,4,SIJ203,D,True
18724023,4,MAL204,D,True
18724023,4,SII301,C,True
18724023,4,SII314,D,True
18724023,4,SIC201,C,True
18724023,4,SIC202,D,True
18724024,1,AGI101,D,True
18724024,1,NOP103,A,True
18724024,1,NOP101,A,True
18724024,1,KID107,A,True
18724024,1,BID108,D,True
18724024,1,MAA101,D,True
18724024,1,BAI101,AB,True
18724024,1,SIP107,AB,True
18724024,1,SII103,A,True
18724024,2,FID112,A,True
18724024,2,PHP103,AB,True
18724024,2,MAL102,AB,True
18724024,2,MAT101,A,True
18724024,2,MAT102,AB,True
18724024,2,MNM107,A,True
18724024,2,MNM106,A,True
18724024,2,MAS118,D,True
18724024,3,BAE111,A,True
18724024,3,SIA204,A,True
18724024,3,SIA205,AB,True
18724024,3,SID201,D,True
18724024,3,SID203,AB,True
18724024,3,SIR201,D,True
18724024,3,SIR203,AB,True
18724024,3,MAS234,A,True
18724024,3,SIJ201,D,True
18724024,4,SIJ203,D,True
18724024,4,MAL204,D,True
18724024,4,SII301,D,True
18724024,4,SII314,A,True
18724024,4,SIC201,A,True
18724024,4,SIC202,D,True
18724024,4,SIJ202,D,True
18724024,4,SIJ204,D,True
18724024,4,SIS202,D,True
18724024,4,MNM203,AB,True
18724025,1,AGI101,AB,True
18724025,1,NOP103,A,True
18724025,1,NOP101,A,True
18724025,1,KID107,AB,True
18724025,1,BID108,A,True
18724025,1,MAA101,A,True
18724025,1,BAI101,A,True
18724025,1,SIP107,B,True
18724025,1,SII103,AB,True
18724025,2,FID112,B,True
18724025,2,PHP103,A,True
18724025,2,MAL102,AB,True
18724025,2,MAT101,A,True
18724025,2,MAT102,AB,True
18724025,2,MNM107,A,True
18724025,2,MNM106,A,True
18724025,2,MAS118,AB,True
18724025,2,BAE111,A,True
18724025,3,SIA204,A,True
18724025,3,SIA205,A,True
18724025,3,SID201,A,True
18724025,3,SID203,AB,True
18724025,3,SIR201,A,True
18724025,3,SIR203,B,True
18724025,3,MAS234,B,True
18724025,3,SIJ201,A,True
18724025,3,SIJ203,AB,True
18724025,3,MAL204,AB,True
18724025,4,SII301,AB,True
18724025,4,SII314,A,True
18724025,4,SIC201,A,True
18724025,4,SIC202,A,True
18724025,4,SIJ202,AB,True
18724025,4,SIJ204,A,True
18724025,4,SIS202,AB,True
18724025,4,MNM203,AB,True
18724025,4,SIS204,B,True
18724025,4,SIS205,A,True
18724025,4,SIS304,A,True
18724025,4,SIS305,B,True
18724026,1,AGI101,A,True
18724026,1,NOP103,A,True
18724026,1,NOP101,B,True
18724026,1,KID107,A,True
18724026,1,BID108,AB,True
18724026,1,MAA101,AB,True
18724026,1,BAI101,AB,True
18724026,1,SIP107,B,True
18724026,1,SII103,A,True
18724026,2,FID112,BC,True
18724026,2,PHP103,BC,True
18724026,2,MAL102,B,True
18724026,2,MAT101,AB,True
18724026,2,MAT102,BC,True
18724026,2,MNM107,AB,True
18724026,2,MNM106,B,True
18724026,2,MAS118,BC,True
18724026,2,BAE111,B,True
18724026,3,SIA204,C,True
18724026,3,SIA205,C,True
18724026,3,SID201,C,True
18724026,3,SID203,BC,True
18724026,3,SIR201,BC,True
18724026,3,SIR203,BC,True
18724026,3,MAS234,C,True
18724026,3,SIJ201,C,True
18724026,3,SIJ203,C,True
18724026,3,MAL204,C,True
18724026,4,SII301,D,True
18724026,4,SII314,C,True
18724026,4,SIC201,D,True
18724026,4,SIC202,D,True
18724026,4,SIJ202,D,True
18724026,4,SIJ204,C,True
18724026,4,SIS202,D,True
18724026,4,MNM203,D,True
18724026,4,SIS204,D,True
18724026,4,SIS205,D,True
18724027,1,AGI101,D,True
18724027,1,NOP103,C,True
18724027,1,NOP101,C,True
18724027,1,KID107,D,True
18724027,1,BID108,D,True
18724027,1,MAA101,C,True
18724027,1,BAI101,D,True
18724027,1,SIP107,D,True
18724027,1,SII103,D,True
18724027,2,FID112,C,True
18724027,2,PHP103,C,True
18724027,2,MAL102,D,True
18724027,3,MAT101,C,True
18724027,3,MAT102,D,True
18724027,3,SID203,D,True
18724027,4,MNM107,D,True
18724027,4,MNM106,C,True
18724027,4,SIR203,C,True
18724028,1,AGI101,A,True
18724028,1,NOP103,AB,True
18724028,1,NOP101,A,True
18724028,1,KID107,AB,True
18724028,1,BID108,A,True
18724028,1,MAA101,AB,True
18724028,1,BAI101,AB,True
18724028,1,SIP107,AB,True
18724028,1,SII103,AB,True
18724028,2,FID112,AB,True
18724028,2,PHP103,B,True
18724028,2,MAL102,A,True
18724028,2,MAT101,A,True
18724028,2,MAT102,AB,True
18724028,2,MNM107,A,True
18724028,2,MNM106,AB,True
18724028,2,MAS118,A,True
18724028,2,BAE111,A,True
18724028,3,SIA204,B,True
18724028,3,SIA205,A,True
18724028,3,SID201,B,True
18724028,3,SID203,A,True
18724028,3,SIR201,B,True
18724028,3,SIR203,AB,True
18724028,3,MAS234,A,True
18724028,3,SIJ201,B,True
18724028,3,SIJ203,B,True
18724028,3,MAL204,A,True
18724028,4,SII301,A,True
18724028,4,SII314,A,True
18724028,4,SIC201,A,True
18724028,4,SIC202,A,True
18724028,4,SIJ202,AB,True
18724028,4,SIJ204,A,True
18724028,4,SIS202,B,True
18724028,4,MNM203,AB,True
18724028,4,SIS204,AB,True
18724028,4,SIS205,AB,True
18724028,4,SIS304,B,True
18724028,4,SIS305,B,True
18724029,1,AGI101,C,True
18724029,1,NOP103,D,False
18724029,1,NOP101,C,True
18724029,1,KID107,D,False
18724029,1,BID108,C,True
18724029,1,MAA101,C,True
18724029,1,BAI101,D,True
18724029,1,SIP107,D,True
18724029,1,SII103,D,True
18724029,2,FID112,C,True
18724029,2,PHP103,C,True
18724029,2,MAL102,C,True
18724029,2,MAT101,D,True
18724029,2,MAT102,C,True
18724029,2,MNM107,C,True
18724029,2,MNM106,C,True
18724029,3,NOP103,AB,True
18724029,3,MAS118,AB,True
18724029,3,BAE111,B,True
18724029,3,SIA204,A,True
18724029,3,SIA205,B,True
18724029,3,SID201,A,True
18724029,3,SID203,B,True
18724029,4,KID107,B,True
18724029,4,SIR201,AB,True
18724029,4,SIR203,B,True
18724029,4,MAS234,B,True
18724029,4,SIJ201,A,True
18724029,4,SIJ203,AB,True
18724029,4,MAL204,AB,True
18724029,4,SII301,AB,True
18724029,4,SII314,A,True
18724029,4,SIC201,AB,True
18724029,4,SIC202,AB,True
18724029,4,SIJ202,B,True
18724029,4,SIJ204,A,True
18724029,4,SIS205,A,True
18724030,1,AGI101,BC,True
18724030,1,NOP103,AB,True
18724030,1,NOP101,BC,True
18724030,1,KID107,AB,True
18724030,1,BID108,AB,True
18724030,1,MAA101,AB,True
18724030,1,BAI101,A,True
18724030,1,SIP107,B,True
18724030,1,SII103,B,True
18724030,2,FID112,BC,True
18724030,2,PHP103,A,True
18724030,2,MAL102,BC,True
18724030,2,MAT101,B,True
18724030,2,MAT102,A,True
18724030,3,MNM107,BC,True
18724030,3,MNM106,A,True
18724030,3,MAS118,A,True
18724030,3,BAE111,B,True
18724030,3,SIA204,B,True
18724030,3,SID203,AB,True
18724030,4,SIA205,B,True
18724030,4,SID201,AB,True
18724030,4,SIR201,BC,True
18724030,4,SIR203,A,True
18724030,4,MAS234,AB,True
18724030,4,SIJ203,B,True
