nim,semester,ips,ipk,sks_diambil,sks_lulus,sks_baru_lulus,sks_d
18724001,1,3.58,3.58,20,20,20,0
18724001,2,3.35,3.46,20,40,20,0
18724001,3,3.71,3.54,19,59,19,0
18724001,4,3.62,3.56,21,80,21,0
18724002,1,3.7,3.7,20,20,20,0
18724002,2,2.88,3.29,20,40,20,0
18724002,3,2.16,2.92,19,59,19,0
18724002,4,1.06,2.49,18,77,18,17
18724003,1,1.35,1.35,20,20,20,13
18724003,2,1.67,1.42,6,26,6,15
18724003,3,2.0,1.53,6,32,6,15
18724003,4,1.2,1.49,5,37,5,19
18724004,1,3.68,3.68,20,20,20,0
18724004,2,3.55,3.61,20,40,20,0
18724004,3,3.71,3.64,19,59,19,0
18724004,4,3.62,3.64,21,80,21,0
18724005,1,1.6,1.6,20,20,20,8
18724005,2,1.6,1.6,15,35,15,14
18724005,3,3.27,2.15,15,48,13,12
18724005,4,3.67,2.7,24,70,22,10
18724006,1,3.0,3.0,20,20,20,0
18724006,2,2.68,2.89,11,31,11,0
18724006,3,3.25,2.99,12,43,12,0
18724006,4,3.33,3.06,12,55,12,0
18724007,1,1.4,1.4,20,20,20,12
18724007,2,1.13,1.29,15,35,15,25
18724007,3,1.2,1.26,15,50,15,37
18724007,4,1.73,1.37,15,65,15,41
18724008,1,1.25,1.25,20,20,20,18
18724008,2,2.73,1.89,15,35,15,24
18724008,3,3.03,2.27,18,53,18,29
18724008,4,2.94,2.44,18,71,18,34
18724009,1,3.35,3.35,20,20,20,0
18724009,2,3.55,3.45,20,40,20,0
18724009,3,3.61,3.5,19,59,19,0
18724009,4,3.48,3.49,21,80,21,0
18724010,1,3.33,3.33,20,20,20,0
18724010,2,3.13,3.23,20,40,20,0
18724010,3,2.05,2.85,19,59,19,0
18724010,4,1.22,2.47,18,77,18,14
18724011,1,1.3,1.3,20,20,20,14
18724011,2,1.67,1.38,6,26,6,16
18724011,3,1.5,1.41,6,32,6,19
18724011,4,1.4,1.41,5,37,5,22
18724012,1,3.68,3.68,20,20,20,0
18724012,2,3.73,3.7,20,40,20,0
18724012,3,3.53,3.64,19,59,19,0
18724012,4,3.57,3.63,21,80,21,0
18724013,1,1.35,1.35,20,20,20,13
18724013,2,1.4,1.37,15,35,15,22
18724013,3,3.4,2.02,15,48,13,20
18724013,4,3.27,2.48,24,70,22,18
18724014,1,3.1,3.1,20,20,20,0
18724014,2,3.45,3.23,11,31,11,0
18724014,3,3.46,3.29,12,43,12,0
18724014,4,3.08,3.25,12,55,12,0
18724015,1,1.2,1.2,20,20,20,16
18724015,2,1.27,1.23,15,35,15,27
18724015,3,1.2,1.22,15,50,15,39
18724015,4,1.53,1.29,15,65,15,46
18724016,1,2.3,2.3,20,20,20,11
18724016,2,2.31,2.3,18,38,18,20
18724016,3,1.78,2.13,18,56,18,33
18724016,4,2.23,2.15,15,71,15,41
18724017,1,3.58,3.58,20,20,20,0
18724017,2,3.43,3.5,20,40,20,0
18724017,3,3.71,3.57,19,59,19,0
18724017,4,3.83,3.64,21,80,21,0
18724018,1,3.6,3.6,20,20,20,0
18724018,2,2.98,3.29,20,40,20,0
18724018,3,2.21,2.94,19,59,19,0
18724018,4,1.61,2.63,18,77,18,7
18724019,1,1.65,1.65,20,20,20,7
18724019,2,1.33,1.58,6,26,6,11
18724019,3,1.83,1.63,6,32,6,12
18724019,4,1.0,1.54,5,37,5,17
18724020,1,3.55,3.55,20,20,20,0
18724020,2,3.8,3.68,20,40,20,0
18724020,3,3.58,3.64,19,59,19,0
18724020,4,3.62,3.64,21,80,21,0
18724021,1,1.2,1.2,20,20,20,16
18724021,2,1.0,1.11,15,35,15,31
18724021,3,3.5,1.86,15,48,13,29
18724021,4,3.38,2.41,24,70,22,27
18724022,1,3.05,3.05,20,20,20,0
18724022,2,3.23,3.11,11,31,11,0
18724022,3,3.0,3.08,12,43,12,0
18724022,4,3.21,3.11,12,55,12,0
18724023,1,1.35,1.35,20,20,20,13
18724023,2,1.53,1.43,15,35,15,20
18724023,3,1.13,1.34,15,50,15,33
18724023,4,1.27,1.32,15,65,15,44
18724024,1,2.85,2.85,20,20,20,7
18724024,2,3.33,3.08,18,38,18,10
18724024,3,2.72,2.96,18,56,18,17
18724024,4,1.92,2.71,18,74,18,29
18724025,1,3.73,3.73,20,20,20,0
18724025,2,3.73,3.73,20,40,20,0
18724025,3,3.68,3.71,19,59,19,0
18724025,4,3.62,3.69,21,80,21,0
18724026,1,3.63,3.63,20,20,20,0
18724026,2,2.9,3.26,20,40,20,0
18724026,3,2.11,2.89,19,59,19,0
18724026,4,1.11,2.47,18,77,18,16
18724027,1,1.35,1.35,20,20,20,13
18724027,2,1.67,1.42,6,26,6,15
18724027,3,1.5,1.44,6,32,6,18
18724027,4,1.6,1.46,5,37,5,20
18724028,1,3.65,3.65,20,20,20,0
18724028,2,3.75,3.7,20,40,20,0
18724028,3,3.45,3.62,19,59,19,0
18724028,4,3.55,3.6,21,80,21,0
18724029,1,1.45,1.45,20,20,20,11
18724029,2,1.8,1.6,15,35,15,14
18724029,3,3.5,2.22,15,48,13,12
18724029,4,3.42,2.66,24,70,22,10
18724030,1,3.23,3.23,20,20,20,0
18724030,2,3.18,3.21,11,31,11,0
18724030,3,3.38,3.26,12,43,12,0
18724030,4,3.25,3.25,12,55,12,0
